--
-- PostgreSQL database dump
--

-- Dumped from database version 16.2
-- Dumped by pg_dump version 16.2

SET statement_timeout = 0;
SET lock_timeout = 0;
SET idle_in_transaction_session_timeout = 0;
SET client_encoding = 'UTF8';
SET standard_conforming_strings = on;
SELECT pg_catalog.set_config('search_path', '', false);
SET check_function_bodies = false;
SET xmloption = content;
SET client_min_messages = warning;
SET row_security = off;

SET default_tablespace = '';

SET default_table_access_method = heap;

--
-- Name: accounts_customuser; Type: TABLE; Schema: public; Owner: utilisateur
--

CREATE TABLE public.accounts_customuser (
    id bigint NOT NULL,
    password character varying(128) NOT NULL,
    last_login timestamp with time zone,
    email character varying(254) NOT NULL,
    first_name character varying(30) NOT NULL,
    last_name character varying(30) NOT NULL,
    is_active boolean NOT NULL,
    is_staff boolean NOT NULL,
    is_superuser boolean NOT NULL
);


ALTER TABLE public.accounts_customuser OWNER TO utilisateur;

--
-- Name: accounts_customuser_groups; Type: TABLE; Schema: public; Owner: utilisateur
--

CREATE TABLE public.accounts_customuser_groups (
    id bigint NOT NULL,
    customuser_id bigint NOT NULL,
    group_id integer NOT NULL
);


ALTER TABLE public.accounts_customuser_groups OWNER TO utilisateur;

--
-- Name: accounts_customuser_groups_id_seq; Type: SEQUENCE; Schema: public; Owner: utilisateur
--

ALTER TABLE public.accounts_customuser_groups ALTER COLUMN id ADD GENERATED BY DEFAULT AS IDENTITY (
    SEQUENCE NAME public.accounts_customuser_groups_id_seq
    START WITH 1
    INCREMENT BY 1
    NO MINVALUE
    NO MAXVALUE
    CACHE 1
);


--
-- Name: accounts_customuser_id_seq; Type: SEQUENCE; Schema: public; Owner: utilisateur
--

ALTER TABLE public.accounts_customuser ALTER COLUMN id ADD GENERATED BY DEFAULT AS IDENTITY (
    SEQUENCE NAME public.accounts_customuser_id_seq
    START WITH 1
    INCREMENT BY 1
    NO MINVALUE
    NO MAXVALUE
    CACHE 1
);


--
-- Name: accounts_customuser_user_permissions; Type: TABLE; Schema: public; Owner: utilisateur
--

CREATE TABLE public.accounts_customuser_user_permissions (
    id bigint NOT NULL,
    customuser_id bigint NOT NULL,
    permission_id integer NOT NULL
);


ALTER TABLE public.accounts_customuser_user_permissions OWNER TO utilisateur;

--
-- Name: accounts_customuser_user_permissions_id_seq; Type: SEQUENCE; Schema: public; Owner: utilisateur
--

ALTER TABLE public.accounts_customuser_user_permissions ALTER COLUMN id ADD GENERATED BY DEFAULT AS IDENTITY (
    SEQUENCE NAME public.accounts_customuser_user_permissions_id_seq
    START WITH 1
    INCREMENT BY 1
    NO MINVALUE
    NO MAXVALUE
    CACHE 1
);


--
-- Name: accounts_project; Type: TABLE; Schema: public; Owner: utilisateur
--

CREATE TABLE public.accounts_project (
    id bigint NOT NULL,
    name character varying(100) NOT NULL,
    description text NOT NULL,
    created_at timestamp with time zone NOT NULL,
    updated_at timestamp with time zone NOT NULL,
    owner_id bigint NOT NULL
);


ALTER TABLE public.accounts_project OWNER TO utilisateur;

--
-- Name: accounts_project_id_seq; Type: SEQUENCE; Schema: public; Owner: utilisateur
--

ALTER TABLE public.accounts_project ALTER COLUMN id ADD GENERATED BY DEFAULT AS IDENTITY (
    SEQUENCE NAME public.accounts_project_id_seq
    START WITH 1
    INCREMENT BY 1
    NO MINVALUE
    NO MAXVALUE
    CACHE 1
);


--
-- Name: accounts_task; Type: TABLE; Schema: public; Owner: utilisateur
--

CREATE TABLE public.accounts_task (
    id bigint NOT NULL,
    title character varying(100) NOT NULL,
    description text NOT NULL,
    completed boolean NOT NULL,
    assigned_to_id bigint,
    project_id bigint NOT NULL
);


ALTER TABLE public.accounts_task OWNER TO utilisateur;

--
-- Name: accounts_task_id_seq; Type: SEQUENCE; Schema: public; Owner: utilisateur
--

ALTER TABLE public.accounts_task ALTER COLUMN id ADD GENERATED BY DEFAULT AS IDENTITY (
    SEQUENCE NAME public.accounts_task_id_seq
    START WITH 1
    INCREMENT BY 1
    NO MINVALUE
    NO MAXVALUE
    CACHE 1
);


--
-- Name: auth_group; Type: TABLE; Schema: public; Owner: utilisateur
--

CREATE TABLE public.auth_group (
    id integer NOT NULL,
    name character varying(150) NOT NULL
);


ALTER TABLE public.auth_group OWNER TO utilisateur;

--
-- Name: auth_group_id_seq; Type: SEQUENCE; Schema: public; Owner: utilisateur
--

ALTER TABLE public.auth_group ALTER COLUMN id ADD GENERATED BY DEFAULT AS IDENTITY (
    SEQUENCE NAME public.auth_group_id_seq
    START WITH 1
    INCREMENT BY 1
    NO MINVALUE
    NO MAXVALUE
    CACHE 1
);


--
-- Name: auth_group_permissions; Type: TABLE; Schema: public; Owner: utilisateur
--

CREATE TABLE public.auth_group_permissions (
    id bigint NOT NULL,
    group_id integer NOT NULL,
    permission_id integer NOT NULL
);


ALTER TABLE public.auth_group_permissions OWNER TO utilisateur;

--
-- Name: auth_group_permissions_id_seq; Type: SEQUENCE; Schema: public; Owner: utilisateur
--

ALTER TABLE public.auth_group_permissions ALTER COLUMN id ADD GENERATED BY DEFAULT AS IDENTITY (
    SEQUENCE NAME public.auth_group_permissions_id_seq
    START WITH 1
    INCREMENT BY 1
    NO MINVALUE
    NO MAXVALUE
    CACHE 1
);


--
-- Name: auth_permission; Type: TABLE; Schema: public; Owner: utilisateur
--

CREATE TABLE public.auth_permission (
    id integer NOT NULL,
    name character varying(255) NOT NULL,
    content_type_id integer NOT NULL,
    codename character varying(100) NOT NULL
);


ALTER TABLE public.auth_permission OWNER TO utilisateur;

--
-- Name: auth_permission_id_seq; Type: SEQUENCE; Schema: public; Owner: utilisateur
--

ALTER TABLE public.auth_permission ALTER COLUMN id ADD GENERATED BY DEFAULT AS IDENTITY (
    SEQUENCE NAME public.auth_permission_id_seq
    START WITH 1
    INCREMENT BY 1
    NO MINVALUE
    NO MAXVALUE
    CACHE 1
);


--
-- Name: django_admin_log; Type: TABLE; Schema: public; Owner: utilisateur
--

CREATE TABLE public.django_admin_log (
    id integer NOT NULL,
    action_time timestamp with time zone NOT NULL,
    object_id text,
    object_repr character varying(200) NOT NULL,
    action_flag smallint NOT NULL,
    change_message text NOT NULL,
    content_type_id integer,
    user_id bigint NOT NULL,
    CONSTRAINT django_admin_log_action_flag_check CHECK ((action_flag >= 0))
);


ALTER TABLE public.django_admin_log OWNER TO utilisateur;

--
-- Name: django_admin_log_id_seq; Type: SEQUENCE; Schema: public; Owner: utilisateur
--

ALTER TABLE public.django_admin_log ALTER COLUMN id ADD GENERATED BY DEFAULT AS IDENTITY (
    SEQUENCE NAME public.django_admin_log_id_seq
    START WITH 1
    INCREMENT BY 1
    NO MINVALUE
    NO MAXVALUE
    CACHE 1
);


--
-- Name: django_content_type; Type: TABLE; Schema: public; Owner: utilisateur
--

CREATE TABLE public.django_content_type (
    id integer NOT NULL,
    app_label character varying(100) NOT NULL,
    model character varying(100) NOT NULL
);


ALTER TABLE public.django_content_type OWNER TO utilisateur;

--
-- Name: django_content_type_id_seq; Type: SEQUENCE; Schema: public; Owner: utilisateur
--

ALTER TABLE public.django_content_type ALTER COLUMN id ADD GENERATED BY DEFAULT AS IDENTITY (
    SEQUENCE NAME public.django_content_type_id_seq
    START WITH 1
    INCREMENT BY 1
    NO MINVALUE
    NO MAXVALUE
    CACHE 1
);


--
-- Name: django_migrations; Type: TABLE; Schema: public; Owner: utilisateur
--

CREATE TABLE public.django_migrations (
    id bigint NOT NULL,
    app character varying(255) NOT NULL,
    name character varying(255) NOT NULL,
    applied timestamp with time zone NOT NULL
);


ALTER TABLE public.django_migrations OWNER TO utilisateur;

--
-- Name: django_migrations_id_seq; Type: SEQUENCE; Schema: public; Owner: utilisateur
--

ALTER TABLE public.django_migrations ALTER COLUMN id ADD GENERATED BY DEFAULT AS IDENTITY (
    SEQUENCE NAME public.django_migrations_id_seq
    START WITH 1
    INCREMENT BY 1
    NO MINVALUE
    NO MAXVALUE
    CACHE 1
);


--
-- Name: django_session; Type: TABLE; Schema: public; Owner: utilisateur
--

CREATE TABLE public.django_session (
    session_key character varying(40) NOT NULL,
    session_data text NOT NULL,
    expire_date timestamp with time zone NOT NULL
);


ALTER TABLE public.django_session OWNER TO utilisateur;

--
-- Data for Name: accounts_customuser; Type: TABLE DATA; Schema: public; Owner: utilisateur
--

COPY public.accounts_customuser (id, password, last_login, email, first_name, last_name, is_active, is_staff, is_superuser) FROM stdin;
4	pbkdf2_sha256$390000$AP1DHkXCzxqGRrV01WsCDb$hBqIX+WMtu+hThMD2a75g0QcBqIDaIyiLUqDrCXaK74=	2024-05-30 03:16:34.908094+00	alek@mail.com			t	t	t
1	pbkdf2_sha256$390000$a5rHFqpeV9YOINHUVcY7pY$hceQQMgHNwarlSrnFJp4vn/CbxcuvbPNjxGyD98QOd4=	\N	user1@example.com	John	Doe	t	f	f
2	pbkdf2_sha256$390000$ZeqCJz21CSx3vB9IdPAgW7$5ZgsDPeGxuBYIH5X+iqO7CdhAaHjOXPogE5jnI+vlBQ=	\N	user2@example.com	Laura	Craft	t	f	f
5	pbkdf2_sha256$390000$uV24W225KqeUVuUZsYxBtg$TwnxvxuKZFleWAH5KCIcZfCwH4G341ggy6lh/hiOB4E=	\N	manager1@example.com	Manager	One	t	f	f
6	pbkdf2_sha256$390000$ImqMceWvsyzteWHQhfX5qC$DTOEMsaQdGVsvIpc+bTvUjsjdRa5xuQwQy+glSYITKs=	\N	manager2@example.com	Manager	Two	t	f	f
7	pbkdf2_sha256$390000$JxrNIhtQqOZKDD7FeVo6XD$qfk7xjDZq8DYGWIoWZEhNjKy3SLmy2dJUkVDiFTsZuE=	\N	developer1@example.com	Developer	One	t	f	f
8	pbkdf2_sha256$390000$kcc1YAZrZ7bFt3vgpee3ue$WsnzdMUk/BPo5jID+y5LWvxEB3XxTK8BXWVIhc8bqaY=	\N	developer2@example.com	Developer	Two	t	f	f
\.


--
-- Data for Name: accounts_customuser_groups; Type: TABLE DATA; Schema: public; Owner: utilisateur
--

COPY public.accounts_customuser_groups (id, customuser_id, group_id) FROM stdin;
1	1	7
2	2	8
3	5	7
4	6	7
5	7	8
6	8	8
\.


--
-- Data for Name: accounts_customuser_user_permissions; Type: TABLE DATA; Schema: public; Owner: utilisateur
--

COPY public.accounts_customuser_user_permissions (id, customuser_id, permission_id) FROM stdin;
\.


--
-- Data for Name: accounts_project; Type: TABLE DATA; Schema: public; Owner: utilisateur
--

COPY public.accounts_project (id, name, description, created_at, updated_at, owner_id) FROM stdin;
2	Project 1	Description for project 1	2024-05-29 21:08:37.65902+00	2024-05-29 21:08:37.65927+00	1
3	Project 2	Description for project 2	2024-05-29 21:08:37.675854+00	2024-05-29 21:08:37.675897+00	2
\.


--
-- Data for Name: accounts_task; Type: TABLE DATA; Schema: public; Owner: utilisateur
--

COPY public.accounts_task (id, title, description, completed, assigned_to_id, project_id) FROM stdin;
1	Task 1	Description for task 1	f	1	2
2	Task 2	Description for task 2	f	2	2
3	Task 3	Description for task 3	f	1	3
\.


--
-- Data for Name: auth_group; Type: TABLE DATA; Schema: public; Owner: utilisateur
--

COPY public.auth_group (id, name) FROM stdin;
7	Managers
8	Developers
\.


--
-- Data for Name: auth_group_permissions; Type: TABLE DATA; Schema: public; Owner: utilisateur
--

COPY public.auth_group_permissions (id, group_id, permission_id) FROM stdin;
57	7	57
58	7	58
59	7	59
60	7	60
61	7	61
62	7	62
63	7	63
64	7	64
65	8	57
66	8	58
67	8	60
68	8	61
69	8	62
70	8	64
\.


--
-- Data for Name: auth_permission; Type: TABLE DATA; Schema: public; Owner: utilisateur
--

COPY public.auth_permission (id, name, content_type_id, codename) FROM stdin;
33	Can add log entry	11	add_logentry
34	Can change log entry	11	change_logentry
35	Can delete log entry	11	delete_logentry
36	Can view log entry	11	view_logentry
37	Can add permission	12	add_permission
38	Can change permission	12	change_permission
39	Can delete permission	12	delete_permission
40	Can view permission	12	view_permission
41	Can add group	13	add_group
42	Can change group	13	change_group
43	Can delete group	13	delete_group
44	Can view group	13	view_group
45	Can add content type	14	add_contenttype
46	Can change content type	14	change_contenttype
47	Can delete content type	14	delete_contenttype
48	Can view content type	14	view_contenttype
49	Can add session	15	add_session
50	Can change session	15	change_session
51	Can delete session	15	delete_session
52	Can view session	15	view_session
53	Can add custom user	16	add_customuser
54	Can change custom user	16	change_customuser
55	Can delete custom user	16	delete_customuser
56	Can view custom user	16	view_customuser
57	Can add project	9	add_project
58	Can change project	9	change_project
59	Can delete project	9	delete_project
60	Can view project	9	view_project
61	Can add task	10	add_task
62	Can change task	10	change_task
63	Can delete task	10	delete_task
64	Can view task	10	view_task
\.


--
-- Data for Name: django_admin_log; Type: TABLE DATA; Schema: public; Owner: utilisateur
--

COPY public.django_admin_log (id, action_time, object_id, object_repr, action_flag, change_message, content_type_id, user_id) FROM stdin;
1	2024-05-30 03:48:25.80303+00	1	user1@example.com	2	[{"changed": {"fields": ["First name", "Last name"]}}]	16	4
2	2024-05-30 03:49:30.24068+00	2	user2@example.com	2	[{"changed": {"fields": ["First name", "Last name"]}}]	16	4
\.


--
-- Data for Name: django_content_type; Type: TABLE DATA; Schema: public; Owner: utilisateur
--

COPY public.django_content_type (id, app_label, model) FROM stdin;
9	accounts	project
10	accounts	task
11	admin	logentry
12	auth	permission
13	auth	group
14	contenttypes	contenttype
15	sessions	session
16	accounts	customuser
\.


--
-- Data for Name: django_migrations; Type: TABLE DATA; Schema: public; Owner: utilisateur
--

COPY public.django_migrations (id, app, name, applied) FROM stdin;
1	accounts	0001_initial	2024-05-29 16:21:56.576247+00
2	contenttypes	0001_initial	2024-05-29 16:21:56.60456+00
3	admin	0001_initial	2024-05-29 16:21:56.653596+00
4	admin	0002_logentry_remove_auto_add	2024-05-29 16:21:56.660786+00
5	admin	0003_logentry_add_action_flag_choices	2024-05-29 16:21:56.671757+00
6	contenttypes	0002_remove_content_type_name	2024-05-29 16:21:56.695219+00
7	auth	0001_initial	2024-05-29 16:21:56.780129+00
8	auth	0002_alter_permission_name_max_length	2024-05-29 16:21:56.791068+00
9	auth	0003_alter_user_email_max_length	2024-05-29 16:21:56.802695+00
10	auth	0004_alter_user_username_opts	2024-05-29 16:21:56.813533+00
11	auth	0005_alter_user_last_login_null	2024-05-29 16:21:56.824312+00
12	auth	0006_require_contenttypes_0002	2024-05-29 16:21:56.830404+00
13	auth	0007_alter_validators_add_error_messages	2024-05-29 16:21:56.841995+00
14	auth	0008_alter_user_username_max_length	2024-05-29 16:21:56.852502+00
15	auth	0009_alter_user_last_name_max_length	2024-05-29 16:21:56.864365+00
16	auth	0010_alter_group_name_max_length	2024-05-29 16:21:56.880739+00
17	auth	0011_update_proxy_permissions	2024-05-29 16:21:56.894351+00
18	auth	0012_alter_user_first_name_max_length	2024-05-29 16:21:56.908215+00
19	sessions	0001_initial	2024-05-29 16:21:56.939368+00
20	accounts	0002_project_task	2024-05-29 16:48:46.970354+00
21	accounts	0003_customuser_groups_customuser_user_permissions	2024-05-30 03:37:13.028597+00
\.


--
-- Data for Name: django_session; Type: TABLE DATA; Schema: public; Owner: utilisateur
--

COPY public.django_session (session_key, session_data, expire_date) FROM stdin;
4rhq34csdkh3n0k1ogf4vy9kgvlrgx6n	.eJxVjMsOwiAQRf-FtSG8KS7d-w1kYAapGkhKuzL-uzbpQrf3nHNfLMK21rgNWuKM7MwMO_1uCfKD2g7wDu3Wee5tXebEd4UfdPBrR3peDvfvoMKo37oI7Rz6Iq0rcpLGO0ESrTZIoKRPBCYRGelCCF4ooQWCyGryZL1CQ-z9AcwIN0A:1sCWHK:aw6FnLB3YFA8SQBSEQ7GzAf-qQxleLJxUL-aXm6XqBk	2024-06-13 03:16:34.918756+00
\.


--
-- Name: accounts_customuser_groups_id_seq; Type: SEQUENCE SET; Schema: public; Owner: utilisateur
--

SELECT pg_catalog.setval('public.accounts_customuser_groups_id_seq', 6, true);


--
-- Name: accounts_customuser_id_seq; Type: SEQUENCE SET; Schema: public; Owner: utilisateur
--

SELECT pg_catalog.setval('public.accounts_customuser_id_seq', 8, true);


--
-- Name: accounts_customuser_user_permissions_id_seq; Type: SEQUENCE SET; Schema: public; Owner: utilisateur
--

SELECT pg_catalog.setval('public.accounts_customuser_user_permissions_id_seq', 1, false);


--
-- Name: accounts_project_id_seq; Type: SEQUENCE SET; Schema: public; Owner: utilisateur
--

SELECT pg_catalog.setval('public.accounts_project_id_seq', 3, true);


--
-- Name: accounts_task_id_seq; Type: SEQUENCE SET; Schema: public; Owner: utilisateur
--

SELECT pg_catalog.setval('public.accounts_task_id_seq', 3, true);


--
-- Name: auth_group_id_seq; Type: SEQUENCE SET; Schema: public; Owner: utilisateur
--

SELECT pg_catalog.setval('public.auth_group_id_seq', 8, true);


--
-- Name: auth_group_permissions_id_seq; Type: SEQUENCE SET; Schema: public; Owner: utilisateur
--

SELECT pg_catalog.setval('public.auth_group_permissions_id_seq', 70, true);


--
-- Name: auth_permission_id_seq; Type: SEQUENCE SET; Schema: public; Owner: utilisateur
--

SELECT pg_catalog.setval('public.auth_permission_id_seq', 64, true);


--
-- Name: django_admin_log_id_seq; Type: SEQUENCE SET; Schema: public; Owner: utilisateur
--

SELECT pg_catalog.setval('public.django_admin_log_id_seq', 2, true);


--
-- Name: django_content_type_id_seq; Type: SEQUENCE SET; Schema: public; Owner: utilisateur
--

SELECT pg_catalog.setval('public.django_content_type_id_seq', 16, true);


--
-- Name: django_migrations_id_seq; Type: SEQUENCE SET; Schema: public; Owner: utilisateur
--

SELECT pg_catalog.setval('public.django_migrations_id_seq', 21, true);


--
-- Name: accounts_customuser accounts_customuser_email_key; Type: CONSTRAINT; Schema: public; Owner: utilisateur
--

ALTER TABLE ONLY public.accounts_customuser
    ADD CONSTRAINT accounts_customuser_email_key UNIQUE (email);


--
-- Name: accounts_customuser_groups accounts_customuser_groups_customuser_id_group_id_c074bdcb_uniq; Type: CONSTRAINT; Schema: public; Owner: utilisateur
--

ALTER TABLE ONLY public.accounts_customuser_groups
    ADD CONSTRAINT accounts_customuser_groups_customuser_id_group_id_c074bdcb_uniq UNIQUE (customuser_id, group_id);


--
-- Name: accounts_customuser_groups accounts_customuser_groups_pkey; Type: CONSTRAINT; Schema: public; Owner: utilisateur
--

ALTER TABLE ONLY public.accounts_customuser_groups
    ADD CONSTRAINT accounts_customuser_groups_pkey PRIMARY KEY (id);


--
-- Name: accounts_customuser accounts_customuser_pkey; Type: CONSTRAINT; Schema: public; Owner: utilisateur
--

ALTER TABLE ONLY public.accounts_customuser
    ADD CONSTRAINT accounts_customuser_pkey PRIMARY KEY (id);


--
-- Name: accounts_customuser_user_permissions accounts_customuser_user_customuser_id_permission_9632a709_uniq; Type: CONSTRAINT; Schema: public; Owner: utilisateur
--

ALTER TABLE ONLY public.accounts_customuser_user_permissions
    ADD CONSTRAINT accounts_customuser_user_customuser_id_permission_9632a709_uniq UNIQUE (customuser_id, permission_id);


--
-- Name: accounts_customuser_user_permissions accounts_customuser_user_permissions_pkey; Type: CONSTRAINT; Schema: public; Owner: utilisateur
--

ALTER TABLE ONLY public.accounts_customuser_user_permissions
    ADD CONSTRAINT accounts_customuser_user_permissions_pkey PRIMARY KEY (id);


--
-- Name: accounts_project accounts_project_pkey; Type: CONSTRAINT; Schema: public; Owner: utilisateur
--

ALTER TABLE ONLY public.accounts_project
    ADD CONSTRAINT accounts_project_pkey PRIMARY KEY (id);


--
-- Name: accounts_task accounts_task_pkey; Type: CONSTRAINT; Schema: public; Owner: utilisateur
--

ALTER TABLE ONLY public.accounts_task
    ADD CONSTRAINT accounts_task_pkey PRIMARY KEY (id);


--
-- Name: auth_group auth_group_name_key; Type: CONSTRAINT; Schema: public; Owner: utilisateur
--

ALTER TABLE ONLY public.auth_group
    ADD CONSTRAINT auth_group_name_key UNIQUE (name);


--
-- Name: auth_group_permissions auth_group_permissions_group_id_permission_id_0cd325b0_uniq; Type: CONSTRAINT; Schema: public; Owner: utilisateur
--

ALTER TABLE ONLY public.auth_group_permissions
    ADD CONSTRAINT auth_group_permissions_group_id_permission_id_0cd325b0_uniq UNIQUE (group_id, permission_id);


--
-- Name: auth_group_permissions auth_group_permissions_pkey; Type: CONSTRAINT; Schema: public; Owner: utilisateur
--

ALTER TABLE ONLY public.auth_group_permissions
    ADD CONSTRAINT auth_group_permissions_pkey PRIMARY KEY (id);


--
-- Name: auth_group auth_group_pkey; Type: CONSTRAINT; Schema: public; Owner: utilisateur
--

ALTER TABLE ONLY public.auth_group
    ADD CONSTRAINT auth_group_pkey PRIMARY KEY (id);


--
-- Name: auth_permission auth_permission_content_type_id_codename_01ab375a_uniq; Type: CONSTRAINT; Schema: public; Owner: utilisateur
--

ALTER TABLE ONLY public.auth_permission
    ADD CONSTRAINT auth_permission_content_type_id_codename_01ab375a_uniq UNIQUE (content_type_id, codename);


--
-- Name: auth_permission auth_permission_pkey; Type: CONSTRAINT; Schema: public; Owner: utilisateur
--

ALTER TABLE ONLY public.auth_permission
    ADD CONSTRAINT auth_permission_pkey PRIMARY KEY (id);


--
-- Name: django_admin_log django_admin_log_pkey; Type: CONSTRAINT; Schema: public; Owner: utilisateur
--

ALTER TABLE ONLY public.django_admin_log
    ADD CONSTRAINT django_admin_log_pkey PRIMARY KEY (id);


--
-- Name: django_content_type django_content_type_app_label_model_76bd3d3b_uniq; Type: CONSTRAINT; Schema: public; Owner: utilisateur
--

ALTER TABLE ONLY public.django_content_type
    ADD CONSTRAINT django_content_type_app_label_model_76bd3d3b_uniq UNIQUE (app_label, model);


--
-- Name: django_content_type django_content_type_pkey; Type: CONSTRAINT; Schema: public; Owner: utilisateur
--

ALTER TABLE ONLY public.django_content_type
    ADD CONSTRAINT django_content_type_pkey PRIMARY KEY (id);


--
-- Name: django_migrations django_migrations_pkey; Type: CONSTRAINT; Schema: public; Owner: utilisateur
--

ALTER TABLE ONLY public.django_migrations
    ADD CONSTRAINT django_migrations_pkey PRIMARY KEY (id);


--
-- Name: django_session django_session_pkey; Type: CONSTRAINT; Schema: public; Owner: utilisateur
--

ALTER TABLE ONLY public.django_session
    ADD CONSTRAINT django_session_pkey PRIMARY KEY (session_key);


--
-- Name: accounts_customuser_email_4fd8e7ce_like; Type: INDEX; Schema: public; Owner: utilisateur
--

CREATE INDEX accounts_customuser_email_4fd8e7ce_like ON public.accounts_customuser USING btree (email varchar_pattern_ops);


--
-- Name: accounts_customuser_groups_customuser_id_bc55088e; Type: INDEX; Schema: public; Owner: utilisateur
--

CREATE INDEX accounts_customuser_groups_customuser_id_bc55088e ON public.accounts_customuser_groups USING btree (customuser_id);


--
-- Name: accounts_customuser_groups_group_id_86ba5f9e; Type: INDEX; Schema: public; Owner: utilisateur
--

CREATE INDEX accounts_customuser_groups_group_id_86ba5f9e ON public.accounts_customuser_groups USING btree (group_id);


--
-- Name: accounts_customuser_user_permissions_customuser_id_0deaefae; Type: INDEX; Schema: public; Owner: utilisateur
--

CREATE INDEX accounts_customuser_user_permissions_customuser_id_0deaefae ON public.accounts_customuser_user_permissions USING btree (customuser_id);


--
-- Name: accounts_customuser_user_permissions_permission_id_aea3d0e5; Type: INDEX; Schema: public; Owner: utilisateur
--

CREATE INDEX accounts_customuser_user_permissions_permission_id_aea3d0e5 ON public.accounts_customuser_user_permissions USING btree (permission_id);


--
-- Name: accounts_project_owner_id_9e658e68; Type: INDEX; Schema: public; Owner: utilisateur
--

CREATE INDEX accounts_project_owner_id_9e658e68 ON public.accounts_project USING btree (owner_id);


--
-- Name: accounts_task_assigned_to_id_02f93926; Type: INDEX; Schema: public; Owner: utilisateur
--

CREATE INDEX accounts_task_assigned_to_id_02f93926 ON public.accounts_task USING btree (assigned_to_id);


--
-- Name: accounts_task_project_id_7c96104d; Type: INDEX; Schema: public; Owner: utilisateur
--

CREATE INDEX accounts_task_project_id_7c96104d ON public.accounts_task USING btree (project_id);


--
-- Name: auth_group_name_a6ea08ec_like; Type: INDEX; Schema: public; Owner: utilisateur
--

CREATE INDEX auth_group_name_a6ea08ec_like ON public.auth_group USING btree (name varchar_pattern_ops);


--
-- Name: auth_group_permissions_group_id_b120cbf9; Type: INDEX; Schema: public; Owner: utilisateur
--

CREATE INDEX auth_group_permissions_group_id_b120cbf9 ON public.auth_group_permissions USING btree (group_id);


--
-- Name: auth_group_permissions_permission_id_84c5c92e; Type: INDEX; Schema: public; Owner: utilisateur
--

CREATE INDEX auth_group_permissions_permission_id_84c5c92e ON public.auth_group_permissions USING btree (permission_id);


--
-- Name: auth_permission_content_type_id_2f476e4b; Type: INDEX; Schema: public; Owner: utilisateur
--

CREATE INDEX auth_permission_content_type_id_2f476e4b ON public.auth_permission USING btree (content_type_id);


--
-- Name: django_admin_log_content_type_id_c4bce8eb; Type: INDEX; Schema: public; Owner: utilisateur
--

CREATE INDEX django_admin_log_content_type_id_c4bce8eb ON public.django_admin_log USING btree (content_type_id);


--
-- Name: django_admin_log_user_id_c564eba6; Type: INDEX; Schema: public; Owner: utilisateur
--

CREATE INDEX django_admin_log_user_id_c564eba6 ON public.django_admin_log USING btree (user_id);


--
-- Name: django_session_expire_date_a5c62663; Type: INDEX; Schema: public; Owner: utilisateur
--

CREATE INDEX django_session_expire_date_a5c62663 ON public.django_session USING btree (expire_date);


--
-- Name: django_session_session_key_c0390e0f_like; Type: INDEX; Schema: public; Owner: utilisateur
--

CREATE INDEX django_session_session_key_c0390e0f_like ON public.django_session USING btree (session_key varchar_pattern_ops);


--
-- Name: accounts_customuser_user_permissions accounts_customuser__customuser_id_0deaefae_fk_accounts_; Type: FK CONSTRAINT; Schema: public; Owner: utilisateur
--

ALTER TABLE ONLY public.accounts_customuser_user_permissions
    ADD CONSTRAINT accounts_customuser__customuser_id_0deaefae_fk_accounts_ FOREIGN KEY (customuser_id) REFERENCES public.accounts_customuser(id) DEFERRABLE INITIALLY DEFERRED;


--
-- Name: accounts_customuser_groups accounts_customuser__customuser_id_bc55088e_fk_accounts_; Type: FK CONSTRAINT; Schema: public; Owner: utilisateur
--

ALTER TABLE ONLY public.accounts_customuser_groups
    ADD CONSTRAINT accounts_customuser__customuser_id_bc55088e_fk_accounts_ FOREIGN KEY (customuser_id) REFERENCES public.accounts_customuser(id) DEFERRABLE INITIALLY DEFERRED;


--
-- Name: accounts_customuser_user_permissions accounts_customuser__permission_id_aea3d0e5_fk_auth_perm; Type: FK CONSTRAINT; Schema: public; Owner: utilisateur
--

ALTER TABLE ONLY public.accounts_customuser_user_permissions
    ADD CONSTRAINT accounts_customuser__permission_id_aea3d0e5_fk_auth_perm FOREIGN KEY (permission_id) REFERENCES public.auth_permission(id) DEFERRABLE INITIALLY DEFERRED;


--
-- Name: accounts_customuser_groups accounts_customuser_groups_group_id_86ba5f9e_fk_auth_group_id; Type: FK CONSTRAINT; Schema: public; Owner: utilisateur
--

ALTER TABLE ONLY public.accounts_customuser_groups
    ADD CONSTRAINT accounts_customuser_groups_group_id_86ba5f9e_fk_auth_group_id FOREIGN KEY (group_id) REFERENCES public.auth_group(id) DEFERRABLE INITIALLY DEFERRED;


--
-- Name: accounts_project accounts_project_owner_id_9e658e68_fk_accounts_customuser_id; Type: FK CONSTRAINT; Schema: public; Owner: utilisateur
--

ALTER TABLE ONLY public.accounts_project
    ADD CONSTRAINT accounts_project_owner_id_9e658e68_fk_accounts_customuser_id FOREIGN KEY (owner_id) REFERENCES public.accounts_customuser(id) DEFERRABLE INITIALLY DEFERRED;


--
-- Name: accounts_task accounts_task_assigned_to_id_02f93926_fk_accounts_customuser_id; Type: FK CONSTRAINT; Schema: public; Owner: utilisateur
--

ALTER TABLE ONLY public.accounts_task
    ADD CONSTRAINT accounts_task_assigned_to_id_02f93926_fk_accounts_customuser_id FOREIGN KEY (assigned_to_id) REFERENCES public.accounts_customuser(id) DEFERRABLE INITIALLY DEFERRED;


--
-- Name: accounts_task accounts_task_project_id_7c96104d_fk_accounts_project_id; Type: FK CONSTRAINT; Schema: public; Owner: utilisateur
--

ALTER TABLE ONLY public.accounts_task
    ADD CONSTRAINT accounts_task_project_id_7c96104d_fk_accounts_project_id FOREIGN KEY (project_id) REFERENCES public.accounts_project(id) DEFERRABLE INITIALLY DEFERRED;


--
-- Name: auth_group_permissions auth_group_permissio_permission_id_84c5c92e_fk_auth_perm; Type: FK CONSTRAINT; Schema: public; Owner: utilisateur
--

ALTER TABLE ONLY public.auth_group_permissions
    ADD CONSTRAINT auth_group_permissio_permission_id_84c5c92e_fk_auth_perm FOREIGN KEY (permission_id) REFERENCES public.auth_permission(id) DEFERRABLE INITIALLY DEFERRED;


--
-- Name: auth_group_permissions auth_group_permissions_group_id_b120cbf9_fk_auth_group_id; Type: FK CONSTRAINT; Schema: public; Owner: utilisateur
--

ALTER TABLE ONLY public.auth_group_permissions
    ADD CONSTRAINT auth_group_permissions_group_id_b120cbf9_fk_auth_group_id FOREIGN KEY (group_id) REFERENCES public.auth_group(id) DEFERRABLE INITIALLY DEFERRED;


--
-- Name: auth_permission auth_permission_content_type_id_2f476e4b_fk_django_co; Type: FK CONSTRAINT; Schema: public; Owner: utilisateur
--

ALTER TABLE ONLY public.auth_permission
    ADD CONSTRAINT auth_permission_content_type_id_2f476e4b_fk_django_co FOREIGN KEY (content_type_id) REFERENCES public.django_content_type(id) DEFERRABLE INITIALLY DEFERRED;


--
-- Name: django_admin_log django_admin_log_content_type_id_c4bce8eb_fk_django_co; Type: FK CONSTRAINT; Schema: public; Owner: utilisateur
--

ALTER TABLE ONLY public.django_admin_log
    ADD CONSTRAINT django_admin_log_content_type_id_c4bce8eb_fk_django_co FOREIGN KEY (content_type_id) REFERENCES public.django_content_type(id) DEFERRABLE INITIALLY DEFERRED;


--
-- Name: django_admin_log django_admin_log_user_id_c564eba6_fk_accounts_customuser_id; Type: FK CONSTRAINT; Schema: public; Owner: utilisateur
--

ALTER TABLE ONLY public.django_admin_log
    ADD CONSTRAINT django_admin_log_user_id_c564eba6_fk_accounts_customuser_id FOREIGN KEY (user_id) REFERENCES public.accounts_customuser(id) DEFERRABLE INITIALLY DEFERRED;


--
-- PostgreSQL database dump complete
--

